Award ID,Action Date,Amount,Type,Recipient,Description
80JSC024FA083,2025-01-24,-1384035.00,BPA CALL,Booz Allen Hamilton Inc,Termination for convenience agreement - speacii - task order 84 - NASA odeo deia data analytics and assessment
80GSFC23CA001,2026-04-15,-986502.82,DEFINITIVE CONTRACT,The Trustees of Columbia University in the City of New York,Terminate for convenience notice issued under the the socioeconomic data and applications distributed active archive center (SDAAC)for smd directorate.
80NSSC21M0005,2025-07-22,-839920.81,COOPERATIVE AGREEMENT (B),Oklahoma State University,Termination for convenience agreement  - Science activation program integration/ Science engagement & partnerships division for support for Science Mission Directorate (SMD)
80GSFC23CA001,2025-05-28,-742496.85,DEFINITIVE CONTRACT,The Trustees of Columbia University in the City of New York,Terminate for convenience notice issued under the the socioeconomic data and applications distributed active archive center (SDAAC)for smd directorate.
80NSSC21M0003,2025-08-27,-553617.77,COOPERATIVE AGREEMENT (B),Universities Space Research Association,Termination for convenience agreement  - Science activation program integration/ Science engagement & partnerships division for support for Science Mission Directorate (SMD)
80NM0018F0566,2025-08-12,-551349.26,DELIVERY ORDER,California Institute of Technology,Stop work notice issued with notification Of intent to terminate for convenience - office Of Chief Technologist (OCT) strategic integration for smd directorate
80NSSC24K0892,2025-08-14,-529129.00,PROJECT GRANT (B),George Mason University,Termination for convenience agreement  - interdisciplinary research in Earth sciences support for science mission directorate (SMD/ESD)
80NSSC24K0178,2025-08-12,-400605.72,PROJECT GRANT (B),Brown University,Termination for convenience agreement - interdisciplinary research in Earth sciences for science mission directorate (SMD/ESD)
80NSSC24K0176,2025-08-12,-373255.31,PROJECT GRANT (B),Virginia Polytechnic Institute & State University,Termination for convenience agreement - interdisciplinary research in Earth science support for science mission directorate (SMD/ESD)
80NSSC25K7036,2026-04-30,-248049.00,PROJECT GRANT (B),University of Richmond,Termination for convenience agreement - building capacity for resiliency  education  and environmental justice across the changing indigenous landscapes of virginia - support for smd directorate
80NSSC25K7034,2025-08-15,-242615.17,PROJECT GRANT (B),University of Oklahoma,Termination for convenience agreement - 23-eej23-0046  building co-design and co-learning digital twins against floods on tribal lands in support of indigenous communities
80NSSC25PA845,2025-04-08,-220565.99,PURCHASE ORDER,Sinequa Corp,Termination for convenience agreement - sinequa customer success engineers
80NSSC25K7032,2025-09-25,-209014.09,PROJECT GRANT (B),Emory University,Termination for convenience agreement - advancing environmental justice in atlanta through gis-enabled community engagement - support for smd directorate
80NSSC24M0193,2025-08-12,-177915.07,COOPERATIVE AGREEMENT (B),President and Fellows of Harvard College,Termination for convenience agreement - NASA open innovation research -support for stmd directorate
80NSSC25FA034,2025-03-10,-174236.00,DELIVERY ORDER,"Techpride, Inc.","Termination for convenience agreement - consulting services to facilitate program alignment to long-term strategic vision, organizational development, and skill building"
80NSSC24K0520,2025-08-15,-170395.18,PROJECT GRANT (B),Natural Areas Conservancy Inc,Termination for convenience agreement - interdisciplinary research in Earth sciences for support for science mission directorate (SMD/ESD)
80NSSC24K1193,2025-09-25,-164732.25,PROJECT GRANT (B),Cornell University,Termination for convenience agreement  - topical workshops  symposiums  and conferences  science mission directorate (smd/planetary)
80LARC24F0039,2025-04-15,-162533.00,DELIVERY ORDER,The Aerospace Corporation,Termination for convenience agreement - NASA engineering and safety center'S (NESC) team to guise future human-rated spacecraft providers on designing and verifying a spacecraft fire system.
80NSSC24K0113,2026-05-12,-149998.00,PROJECT GRANT (B),University of Arkansas System,Termination for convenience agreement - here to observe uab support for smd/esd
80NSSC24K0115,2025-09-25,-149900.00,PROJECT GRANT (B),Virginia State University,Termination for convenience agreement - here to observe support for science mission directorate (SMD/ESD)
80NSSC23FA528,2025-04-23,-136672.81,DELIVERY ORDER,Ibex It Business Experts LLC,"Stop work notice issued with notification of intent to terminate for convenience - nehcss - ibex it business experts, LLC task order 80nssc23fa528 organization development support services"
80HQTR23FA044,2025-02-27,-136103.40,DELIVERY ORDER,"Chenega Global Protection, LLC",Termination for convenience agreement- Earth Information Center (EIC) support for NASA office of protective services
80NSSC24FA979,2025-09-12,-124874.86,BPA CALL,"Bryce Space and Technology, LLC","Termination for convenience agreement - change management support service bpa call for office of technology, policy, and strategy independent diagnostic and strategic advisory support (otps-idsas)."
80NM0019F0075,2025-06-25,-111926.00,DELIVERY ORDER,California Institute of Technology,Termination for convenience agreement - Mars to moon engineering support for xyz directorate
80NM0024F0047,2026-04-06,-107621.39,DELIVERY ORDER,California Institute of Technology,Termination for convenience agreement - advancing vietnam'S marine spatial planning for offshore wind energy development (82-222737)
80NSSC22K0223,2025-08-27,-82614.13,PROJECT GRANT (B),American Geophysical Union,Termination for convenience agreement - agu  aas  asgsr to NASA: supporting early career researchers post pandemic - support for smd directorate
80NM0019F0075,2026-06-01,-73404.47,DELIVERY ORDER,California Institute of Technology,Termination for convenience agreement - Mars to moon engineering support for xyz directorate
80NSSC24PA210,2025-03-28,-70000.00,PURCHASE ORDER,Unibap Space Solutions Ab (PUBL),Stop work notice issued with notification of intent to terminate for convenience - unibap - ose-sat in-space autonomy testbed
80GSFC24CA024,2025-04-08,-47238.13,DEFINITIVE CONTRACT,"A3l Federal Works,llc","Termination for convenience agreement-partial- iv&v program office Of Safety & Mission Assurance (OSMA)  Knowledge Management, Events and Communications Supports (KMECS) ivv contract"
80NSSC24PC475,2025-04-08,-44325.00,PURCHASE ORDER,Zuken USA Inc,Termination for convenience agreement - zuken ds.e3 license data and configuration management pop: 10/1/24 - 9/30/25
80LARC25F7003,2025-04-15,-42518.00,DELIVERY ORDER,The Aerospace Corporation,Termination for convenience agreement- NASA engineering and safety center'S (NESC) environmental control and life support (ECLSS) Technical Discipline Team (TDT).
80NSSC23PA010,2025-04-08,-38680.00,PURCHASE ORDER,Business Class Aviation Inc.,Terminate for convenience of agreement-dc-8 and SOFIA aircraft storage and parts removal
80GSFC22CA021,2025-06-17,-31752.64,DEFINITIVE CONTRACT,Newton LLC,"Termination for convenience agreement - Capture, Containment Return System (CCRS) Capture Lid Mechanism (CLM)"
80NSSC22K1681,2025-09-10,-29778.36,PROJECT GRANT (B),The University of Texas Rio Grande Valley,Termination for convenience agreement - Earth science applications: equity and environmental justice support for smd/esd
80NSSC25FA315,2025-05-05,-28832.00,BPA CALL,"National Quality Assurance - U.S.A., Inc.",Termination for convenience-as9100 audit at AFRC'S NASA facility
80NSSC24PC269,2025-06-10,-24000.00,PURCHASE ORDER,KPMG LLP,Stop work notice issued with notification of intent to terminate for convenience - kpmg aspire immersion
80NSSC25PA641,2025-06-17,-15200.00,PURCHASE ORDER,"Messe Dusseldorf North America, Inc.",Termination for convenience agreement - booth space for NASA at auvsi 2025
80GSFC23CA001,2025-09-04,-8203.43,DEFINITIVE CONTRACT,The Trustees of Columbia University in the City of New York,Terminate for convenience notice issued under the the socioeconomic data and applications distributed active archive center (SDAAC)for smd directorate.
80NSSC23FA279,2025-02-20,-6154.45,DELIVERY ORDER,Creative Solutions International Coporation,Termination for convenience agreement - creative solutions consulting services (deborah klotz) in support of the ocio transformation project.
80NSSC24PC363,2025-04-08,-6000.00,PURCHASE ORDER,Qualcomm Technologies Inc,Terminate for convenience agreement - qualcomm 5g learning - four subscriptions
80NSSC19K1666,2025-08-05,-4219.53,PROJECT GRANT (B),"Imec USA Nanoelectronics Design Center, Inc",Termination for convenience agreement - rodent hindlimb suspension  rodent csf  and direct icp & biomarkers - support for somd directorate
80NSSC24PA923,2025-03-17,0.00,PURCHASE ORDER,Keysight Technologies Inc,Termination for convenience agreement - renew software license for ads
80NSSC22PB703,2025-03-24,0.00,PURCHASE ORDER,Ho-Chunk Shared Services Company,Stop work notice issued with notification of intent to termiate for conveince - Gsfc Strategic Assessment Support (GSAS)
80NSSC24PA753,2025-03-19,0.00,PURCHASE ORDER,Keysight Technologies Inc,Termination for convenience agreement ---- license maintenance for genesys
80NSSC25K7045,2025-03-21,0.00,PROJECT GRANT (B),Kutztown University of Pennsylvania,"Termination for convenience agreement - the kutztown university'S h2o+h2s ""here to observe + here to storytell"" program will use mission science and scientific storytelling as a student experiential learning tool to scaffold workforce skills. Each year  the 10-12 student observer cohort will be composed of STEM and stem-interested freshmen  sophomores and incoming transfer students from introductory courses. The program will focus on those students not typically served by outreach and engagement programs. Kutztown university has an established 'learning community' approach  where a group of students is paired with faculty mentors and meet once a week as a part of their schedule. h2o+h2s will use this program so students are supported with a 1-credit course (1 hour per week)  preserving dedicated time for the student observer to fulfill the program without disruption to their academic classes or overburdening schedules. The course will integrate the here to explore program activities with a student-created scientific narrative project based on sharing the mission science. The students observers will develop a short audio/video storytelling project about the NASA mission. Research shows that integrating storytelling  or narrative techniques  provides powerful access for students of diverse backgrounds to connect with science. Two students from previous cohorts will serve as peer mentors. Scaffolding experiences will include the nasa-led h2o activities  fieldtrips  professional meeting attendance  and mentorship through-out the year. The h2o + h2s program focuses on creating products that articulate workforce skills on student resumes. This directly supports enhanced student success when applying for future internships  graduate school  and industry jobs."
80NSSC24M0193,2025-05-12,0.00,COOPERATIVE AGREEMENT (B),President and Fellows of Harvard College,Termination for convenience agreement - NASA open innovation research -support for stmd directorate
80NSSC25K7036,2025-05-14,0.00,PROJECT GRANT (B),University of Richmond,Termination for convenience agreement - building capacity for resiliency  education  and environmental justice across the changing indigenous landscapes of virginia - support for smd directorate
80NSSC25K7036,2025-04-09,0.00,PROJECT GRANT (B),University of Richmond,Stop work notice issued with notification of intent to terminate for convenience   Earth action: community action for equity and environmental justice   smd
80NSSC25PA641,2025-04-08,0.00,PURCHASE ORDER,"Messe Dusseldorf North America, Inc.",Termination for convenience agreement - booth space for NASA at auvsi 2025
80NSSC25PA068,2025-04-08,0.00,PURCHASE ORDER,University Corporation for Atmospheric Research,Termination for convenience agreement - ot dynamical neutral atmosphere-ionosphere coupling-x (DYNAMIC-X)
80NSSC25K7045,2025-03-21,0.00,PROJECT GRANT (B),Kutztown University of Pennsylvania,"Termination for convenience agreement - the kutztown university'S h2o+h2s ""here to observe + here to storytell"" program will use mission science and scientific storytelling as a student experiential learning tool to scaffold workforce skills. Each year  the 10-12 student observer cohort will be composed of STEM and stem-interested freshmen  sophomores and incoming transfer students from introductory courses. The program will focus on those students not typically served by outreach and engagement programs. Kutztown university has an established 'learning community' approach  where a group of students is paired with faculty mentors and meet once a week as a part of their schedule. h2o+h2s will use this program so students are supported with a 1-credit course (1 hour per week)  preserving dedicated time for the student observer to fulfill the program without disruption to their academic classes or overburdening schedules. The course will integrate the here to explore program activities with a student-created scientific narrative project based on sharing the mission science. The students observers will develop a short audio/video storytelling project about the NASA mission. Research shows that integrating storytelling  or narrative techniques  provides powerful access for students of diverse backgrounds to connect with science. Two students from previous cohorts will serve as peer mentors. Scaffolding experiences will include the nasa-led h2o activities  fieldtrips  professional meeting attendance  and mentorship through-out the year. The h2o + h2s program focuses on creating products that articulate workforce skills on student resumes. This directly supports enhanced student success when applying for future internships  graduate school  and industry jobs."
80NSSC24K1264,2025-03-21,0.00,PROJECT GRANT (B),University of Alaska Fairbanks,Termination for convenience agreement - bringing edia to the planetary sciences community: a two-day ag-style meeting of the cross-ag edia working group
80NSSC21K1443,2025-05-12,0.00,PROJECT GRANT (B),President and Fellows of Harvard College,Termination for convenience agreement - improved understanding of oxygenated volatile organic compounds (OVOCS) in polluted and remote atmospheres using korus-aq and atom data: implications for interpreting satellite observations of formaldehyde and glyoxal - support for smd directorate
80NSSC21K1069,2025-06-20,0.00,PROJECT GRANT (B),President and Fellows of Harvard College,Termination for convenience agreement -20-ocost20-0009  application of continuous ground-based remote sensing to analysis of oco-2/3 xco2 and sif data in mosaic landscapes -support for smd Earth science directorate
80NSSC19K0326,2025-05-12,0.00,PROJECT GRANT (B),President and Fellows of Harvard College,Termination for convenience agreement - dynamics and chemistry of summer stratosphere - support for smd directorate
80MSFC24CA008,2025-01-23,0.00,DEFINITIVE CONTRACT,"University of California, Los Angeles","Stop work notice issued with notification of intent to descope - the goal of neo surveyor is to find, track, and characterize the asteroids and comets that could potentially threaten the Earth."
80NSSC21M0002,2025-05-12,0.00,COOPERATIVE AGREEMENT (B),President and Fellows of Harvard College,Termination for convenience agreement - cosmic storytelling with NASA data: tools for exploring data science - support for smd directorate
80GSFC24CA024,2025-05-28,0.00,DEFINITIVE CONTRACT,"A3l Federal Works,llc","Termination for convenience agreement-partial- iv&v program office Of Safety & Mission Assurance (OSMA)  Knowledge Management, Events and Communications Supports (KMECS) ivv contract"
80GSFC24CA024,2025-03-14,0.00,DEFINITIVE CONTRACT,"A3l Federal Works,llc","Stop work notice issued with notification Of intent to descope per eo 14148 & 14173 iv&v program office Of Safety & Mission Assurance (OSMA)  Knowledge Management, Events and Communications Supports (KMECS) ivv contract"
80HQTR24F0072,2025-03-13,0.00,DELIVERY ORDER,"Barrios Technology, LLC","Stop work notice issued with notification of intent to terminate for convenience-provides data and evidence-driven advice to NASA leadership to assure an integrated enterprise approach to technology, policy, and strategy."
80HQTR24F0070,2025-03-13,0.00,DELIVERY ORDER,"Barrios Technology, LLC","Stop work notice issued with notification of intent to terminate for convenience- odeo mission support enterprise offices.  Supporting the civil rights complaint process, adjudication procedures, compliance activities, a civil rights compliance."
80HQTR24F0046,2025-03-13,0.00,DELIVERY ORDER,"Barrios Technology, LLC","Stop work notice issued with notification of intent to terminate for convenience - strategic planning, analysis, and programmatic support for.planetary sciences division.hq science mission directorate"
80GRC024CA008,2025-04-08,0.00,DEFINITIVE CONTRACT,Case Western Reserve University,Stop work notice issued with notice of intent to de-scope. Centrifugal acceleration testing - NASA GRC is pursuing the development of dynamic conversion technologies to support science mission power system development.
80HQTR24F0071,2025-03-13,0.00,DELIVERY ORDER,"Barrios Technology, LLC",Stop work notice issued with notification of intent to terminate for convenience-odeo mission support enterprise offices. ..leveraging the expertise of an ..administrative operations specialist.
80NSSC21M0003,2025-03-21,0.00,COOPERATIVE AGREEMENT (B),Universities Space Research Association,Termination for convenience agreement  - Science activation program integration/ Science engagement & partnerships division for support for Science Mission Directorate (SMD)
80NSSC24FA979,2025-03-27,0.00,BPA CALL,"Bryce Space and Technology, LLC","Termination for convenience agreement - change management support service bpa call for office of technology, policy, and strategy independent diagnostic and strategic advisory support (otps-idsas)."
80NSSC25K7034,2025-03-21,0.00,PROJECT GRANT (B),University of Oklahoma,Termination for convenience agreement - 23-eej23-0046  building co-design and co-learning digital twins against floods on tribal lands in support of indigenous communities
80NSSC24PA609,2025-02-18,0.00,PURCHASE ORDER,"Politico, LLC",Termination for convenience agreement - politico pro agreement for ocfo
80SSC021F0001,2025-04-08,0.00,BPA CALL,Trilogy Medical Resources LLC,Stop work notice issued with notification of intent to terminate for convenience - provide covid-19 rapid testing for stennis space center.
80NSSC24PA723,2025-02-18,0.00,PURCHASE ORDER,"Politico, LLC",Termination for convenience agreement - renewal for politico pro service for olia
80NSSC20P1795,2025-04-08,0.00,PURCHASE ORDER,Howard Wershbale & Co,Termination for convenience agreement exercise option yr 4
80HQTR24F0073,2025-03-21,0.00,DELIVERY ORDER,"Barrios Technology, LLC",Stop work notice issued with notification of intent to terminate for convenience - esdmd integration and administrative support.
80HQTR24F0064,2025-03-21,0.00,DELIVERY ORDER,"Barrios Technology, LLC",Stop work notice issued with notification of intent to terminate for convenience - msd risk management
80HQTR24F0074,2025-03-13,0.00,DELIVERY ORDER,"Barrios Technology, LLC",Stop work notice issued with notification of intent to terminate for convenience- odeo mission support enterprise offices.       Will be responsible for overseeing and managing the successful execution of the following special projects:
80NSSC22K0223,2025-05-14,0.00,PROJECT GRANT (B),American Geophysical Union,Termination for convenience agreement - agu  aas  asgsr to NASA: supporting early career researchers post pandemic - support for smd directorate
80NSSC25K7032,2025-05-14,0.00,PROJECT GRANT (B),Emory University,Termination for convenience agreement - advancing environmental justice in atlanta through gis-enabled community engagement - support for smd directorate
80NSSC22K0223,2025-04-08,0.00,PROJECT GRANT (B),American Geophysical Union,Stop work notice issued with notification of intent to terminate for convenience - agu  aas  asgsr to NASA: supporting early career researchers post pandemic
80NSSC25K7032,2025-04-09,0.00,PROJECT GRANT (B),Emory University,Stop work notice issued with notification of intent to terminate for convenience   Earth action: community action for equity and environmental justice   smd
80NSSC24K0115,2025-03-21,0.00,PROJECT GRANT (B),Virginia State University,Termination for convenience agreement - here to observe support for science mission directorate (SMD/ESD)
80GSFC23PA006,2025-06-18,0.00,PURCHASE ORDER,"Malin Space Science Systems, Inc","Termination for convenience agreement - Mars Sample Return campaign Capture, Containment, and Return Sample (CCRS) camera"
80NSSC23K1430,2025-05-12,0.00,PROJECT GRANT (B),President and Fellows of Harvard College,Termination for convenience agreement -rodent research standard housing mission: multidisciplinary approach to understanding spaceflight responses  - support for smd directorate
80JSC024FA135,2025-01-27,0.00,BPA CALL,Booz Allen Hamilton Inc,Stop work notice issued with notification of intent to terminate for convenience terminated iaw eo 14151-strategic professional engineering assessment contract ii (SPEAC II)
80KSC024F0045,2025-03-21,0.00,BPA CALL,"The Performance Knowledge Group, LLC","Stop work notice issued with notification of intent to terminate for convenience - Strategic Management Support Services (SMSS) task order for Center Engineering, Safety and Operations (CESO)"
80NSSC24K0944,2025-03-21,0.00,PROJECT GRANT (B),"National Society of Black Physicists, Inc.",Termination for convenience agreement  - topical workshops  symposiums  and conferences  science mission directorate (smd/planetary)
80KSC024F0043,2025-03-21,0.00,BPA CALL,"The Performance Knowledge Group, LLC",Stop work notice issued with notification of intent to terminate for convenience - Strategic Management Support Services (SMSS) task order for Launch Services Program (LSP).
80KSC024F0044,2025-03-21,0.00,BPA CALL,"The Performance Knowledge Group, LLC",Stop work notice issued with notification of intent to terminate for convenience _strategic management support services (SMSS) task order for launch services program (EGS)
80NSSC24PC064,2025-04-08,0.00,PURCHASE ORDER,The Jandor Group LLC,Terminate for convenience agreement
80HQTR21F0124,2025-03-17,0.00,DELIVERY ORDER,"Overlook Systems Technologies, Inc.",Stop work notice issued with notification of intent to terminate for convenience - Policy And Strategic Communications (PSC) support for NASA Space Communications And Navigation (SCAN) program.
80NSSC24PA660,2025-04-16,0.00,PURCHASE ORDER,"Lmi Consulting, LLC",Terminate for convenience: bridge program retreat
80NSSC24K1845,2025-03-21,0.00,PROJECT GRANT (B),"National Society of Black Physicists, Inc.",Termination for convenience agreement - nsbp/nshp: joint annual conferences 2024-26
80ARC023CA004,2025-03-21,0.00,DEFINITIVE CONTRACT,The Trustees of Columbia University in the City of New York,Stop work notice issued with notification of intent to terminate for convenience - contract to extend longevity of 3d tissues and microphysiological systems for modeling of acute and chronic exposures to stressors in support of hq/smd.
80ARC023CA004,2025-03-21,0.00,DEFINITIVE CONTRACT,The Trustees of Columbia University in the City of New York,Termination for convenience - contract to extend longevity of 3d tissues and microphysiological systems for modeling of acute and chronic exposures to stressors in support of hq/smd.
80NSSC25K7029,2025-04-08,0.00,PROJECT GRANT (B),Research Triangle Institute,Stop work notice issued with notification of intent to terminate for convenience - project green: greenspace and remote sensing for the environment and equity in neighborhoods
80NSSC25K7029,2025-05-14,0.00,PROJECT GRANT (B),Research Triangle Institute,Termination for convenience agreement - project green: greenspace and remote sensing for the environment and equity in neighborhoods - support for smd directorate
80GSFC23CA030,2025-04-08,0.00,DEFINITIVE CONTRACT,Honeybee Robotics LLC,"Stop work notice issued with notification of intent to terminate for convenience - Mars Sample Return (MSR) Capture, Containment and Return Systems (CCRS) Earth Entry System (EES) Spin Eject Mechanism (SEM) for smd directorate."
80NSSC24PA590,2025-01-31,0.00,PURCHASE ORDER,"Eli Group, LLC",Stop work notice issued with notification of intent to terminate for convenience - 2024 leadership lab for women
80NSSC24PC331,2025-02-19,0.00,PURCHASE ORDER,"Eli Group, LLC",Termination for convenience agreement - executive leadership impact
80NSSC25FA145,2025-03-25,0.00,DELIVERY ORDER,"B/W Color Prints, LLC",Stop work notice issued - service for installation of the science on the sphere system
80NSSC22K1673,2025-03-21,0.00,PROJECT GRANT (B),Massachusetts Institute of Technology,Termination for convenience agreement - Earth science applications: equity and environmental justice support for science mission directorate (SMD/ESD)
80NSSC22K1675,2025-03-21,0.00,PROJECT GRANT (B),University of Texas at Austin,Termination for convenience agreement - Earth science applications: equity and environmental justice support for smd/esd mission directorate
80HQTR24F0096,2025-04-08,0.00,DELIVERY ORDER,The Aerospace Corporation,Stop work notice issued with notification of intent to terminate for convenience - strategic communications and integration support for mission support directorate
80LARC24F0039,2026-03-17,0.00,DELIVERY ORDER,The Aerospace Corporation,Termination for convenience agreement - NASA engineering and safety center'S (NESC) team to guise future human-rated spacecraft providers on designing and verifying a spacecraft fire system.
80LARC25F7003,2026-03-17,0.00,DELIVERY ORDER,The Aerospace Corporation,Termination for convenience agreement- NASA engineering and safety center'S (NESC) environmental control and life support (ECLSS) Technical Discipline Team (TDT).
80MSFC21CA001,2026-04-03,0.00,DEFINITIVE CONTRACT,Lockheed Martin Corp,"Tipping point Cryogenic Demonstration Mission (CDM) establish the final settlement between the government and contractor resulting from the termination for convenience of contract no. 80msfc21ca001 issued on august 8, 2024."
80NSSC24K1612,2025-03-21,0.00,PROJECT GRANT (B),University of Texas at Austin,Termination for convenience agreement - 23-earth23-0422 climate harmony: studying and informing urban climate efforts in central texas through the development of a regional climate atlas
80NM0018F0669,2025-04-07,0.00,DELIVERY ORDER,California Institute of Technology,Stop work order issued with notification of intent to terminate for convenience - geostationary carbon cycle observatory (GEOCARB) pre-phase a and phase a (87-700073) for smd directorate
80NSSC22PA482,2025-04-08,0.00,PURCHASE ORDER,"Diversified Services Group, Inc.",Termination for convenience agreement - live plant maintenance services
80NSSC19K0748,2025-04-08,0.00,PROJECT GRANT (B),The Pinhead Institute Inc,Stop work notice issued with notification of intent to terminate for convenience - unsolicited  an analysis of ladee uvs data for metallic species
80NSSC19K0748,2025-05-14,0.00,PROJECT GRANT (B),The Pinhead Institute Inc,Termination for convenience agreement - an analysis of ladee uvs data for metallic species - support for smd directorate
80NM0024F0047,2026-04-13,0.00,DELIVERY ORDER,California Institute of Technology,Termination for convenience agreement - advancing vietnam'S marine spatial planning for offshore wind energy development (82-222737)
80NM0018F0566,2026-05-01,0.00,DELIVERY ORDER,California Institute of Technology,Stop work notice issued with notification Of intent to terminate for convenience - office Of Chief Technologist (OCT) strategic integration for smd directorate
80NM0018F0566,2025-04-03,0.00,DELIVERY ORDER,California Institute of Technology,Stop work notice issued with notification Of intent to terminate for convenience - office Of Chief Technologist (OCT) strategic integration for smd directorate
80NM0018F0566,2026-04-30,0.00,DELIVERY ORDER,California Institute of Technology,Stop work notice issued with notification Of intent to terminate for convenience - office Of Chief Technologist (OCT) strategic integration for smd directorate
80NM0019F0075,2025-03-03,0.00,DELIVERY ORDER,California Institute of Technology,Stop work notice issued with notification of intent to terminate for convenience - monitoring particulate air pollution and human health in ethiopia and south africa with linkages to NASA'S maia mission (82-710940) for smd directorate
80NM0019F0075,2026-06-17,0.00,DELIVERY ORDER,California Institute of Technology,Termination for convenience agreement - Mars to moon engineering support for xyz directorate
80JSC024F0025,2025-02-18,0.00,BPA CALL,"Straughan Environmental, Inc.","Partial stop work notice issued with notification of intent to de-scope - call 29 (non-core support), Jsc Environmental Services Team I (JEST I)"
80HQTR22F0076,2025-04-08,0.00,DELIVERY ORDER,"Icf Incorporated, LLC",Stop work notice issued with notification of intent to terminate for convience - support for u.S.participation in theintergovernmentalpanel on climatechange and relatedinternationalassessments
80JSC024F0025,2025-02-20,0.00,BPA CALL,"Straughan Environmental, Inc.","Cancellation of partial stop work notice as non-applicable - call 29 (non-core support), Jsc Environmental Services Team I (JEST I)"
80JSC024F0026,2025-02-20,0.00,BPA CALL,"Straughan Environmental, Inc.","Cancellation of partial stop work notice as non-applicable - call 30 (t&m support), Jsc Environmental Services Team I (JEST I)"
80HQTR22F0109,2025-04-08,0.00,DELIVERY ORDER,"Icf Incorporated, LLC",Stop work notice issued with notification of intent to terminate for convience - specialized support services for a carbon cycle interagency working group coordintor.
80NSSC24PB720,2025-04-08,0.00,PURCHASE ORDER,R3 Uniq Inc,Terminate for convenience - omnest network simulation software licenses and support
80JSC024F0026,2025-02-20,0.00,BPA CALL,"Straughan Environmental, Inc.","Partial stop work notice issued with notification of intent to de-scope - call 30 (t&m support), Jsc Environmental Services Team I (JEST I)"
80JSC024F0024,2025-02-18,0.00,BPA CALL,"Straughan Environmental, Inc.","Partial stop work notice issued with notification of intent to de-scope - call 28 (core support), Jsc Environmental Services Team I (JEST I)"
80HQTR24F0037,2025-04-08,0.00,DELIVERY ORDER,"Icf Incorporated, LLC",Stop work noticed issued with notification of intent to terminate for convience - to provide a scope for specialized support services for two climate services personnel to the u.S. Global change research program
80HQTR25F7019,2025-04-08,0.00,DELIVERY ORDER,"Icf Incorporated, LLC","Stop work notice issued with notification of intent to terminate for convience - assist with planning activities involving a large international author team coordinate in-person and remote meetings, track the status of authors' work"
80JSC024F0024,2025-02-20,0.00,BPA CALL,"Straughan Environmental, Inc.","Cancellation of partial stop work notice as non-applicable - call 28 (core support), Jsc Environmental Services Team I (JEST I)"
80HQTR24F0019,2025-04-08,0.00,DELIVERY ORDER,"Icf Incorporated, LLC",Stop work and termination for convenience notice issued. Engagement specialist to the U.S. Global Change Research Program (USGCRP) National Coordination Office (NCO)
80HQTR24F0012,2025-03-14,0.00,DELIVERY ORDER,"Icf Incorporated, LLC",Stop work notice issued with notification of intent to terminate for convience - support for the technical unit for seventh assessment of the intergovernmental panel on climate change
80NSSC24K0892,2025-03-21,0.00,PROJECT GRANT (B),George Mason University,Termination for convenience agreement  - interdisciplinary research in Earth sciences support for science mission directorate (SMD/ESD)
80JSC025FA076,2025-02-24,0.00,BPA CALL,"Straughan Environmental, Inc.","Cancellation of partial stop work notice as non-applicable - call 02 (t&m support), JSC environmental services team ii (JEST II)"
80JSC025FA077,2025-02-18,0.00,BPA CALL,"Straughan Environmental, Inc.",Partial stop work notice issued with notification of intent to de-scope - call 03 (non-core support) - JSC environmental services team ii (JEST II)
80JSC025FA077,2025-02-18,0.00,BPA CALL,"Straughan Environmental, Inc.","Cancellation of partial stop work notice as non-applicable - call 03 (non-core support), JSC environmental services team ii (JEST II)"
80JSC025FA076,2025-02-18,0.00,BPA CALL,"Straughan Environmental, Inc.",Partial stop work notice issued with notification of intent to de-scope - call 02 (t&m support) - JSC environmental services team ii (JEST II)
80NSSC24PB891,2025-04-16,0.00,PURCHASE ORDER,"Career Communications Group, Inc.",Termination for convenience: women of color in STEM silver partnership and participation in their national convention
80NSSC25PA014,2025-04-08,0.00,PURCHASE ORDER,Space Exploration Technologies Corp,"Termination for convenience agreement - aspire public-private talent program, SpaceX immersion"
80NSSC24K0503,2025-06-11,0.00,PROJECT GRANT (B),George Washington University (THE),Stop work notice issued with notification of intent to terminate for convenience   assessing environmental justice  air quality  and health co-benefits of transport interventions in u.S. Urban areas - smd
80NSSC24PC269,2025-03-24,0.00,PURCHASE ORDER,KPMG LLP,Stop work notice issued with notification of intent to terminate for convenience - kpmg aspire immersion
80GSFC21C0057,2025-04-09,0.00,DEFINITIVE CONTRACT,Schlumberger Technology Corporation,Stop work notice issued with notification of intent to terminate for convenience - NASA Dragonfly pulsed neutron generators for the smd directorate.
80NSSC24PC394,2025-03-11,0.00,PURCHASE ORDER,Partnership for Public Service Inc,Termination for convenience agreement - partnership for public service. Membership in the federal human capital collaborative
80NSSC24K0178,2025-03-21,0.00,PROJECT GRANT (B),Brown University,Termination for convenience agreement - interdisciplinary research in Earth sciences for science mission directorate (SMD/ESD)
80NSSC24K0176,2025-03-21,0.00,PROJECT GRANT (B),Virginia Polytechnic Institute & State University,Termination for convenience agreement - interdisciplinary research in Earth science support for science mission directorate (SMD/ESD)
80NSSC24K0177,2025-03-21,0.00,PROJECT GRANT (B),The Johns Hopkins University,Termination for convenience agreement - interdisciplinary research in Earth sciences support for science mission directorate (SMD/ESD)
80NSSC23K0983,2025-04-04,0.00,PROJECT GRANT (B),The Trustees of Princeton University,Stop work notice issued with notification of intent to terminate forconvenience - high fidelity modeling of parasitic capillary wave dynamics for remote sensing
80NSSC25K7118,2025-04-04,0.00,PROJECT GRANT (B),The Trustees of Princeton University,Stop work notice issued with notification of intent toterminate for convenience - redox evolution of terrestrial magma oceans - smd planetary
80NSSC21K1957,2025-04-04,0.00,PROJECT GRANT (B),The Trustees of Princeton University,Stop work notice issued with notification of intent to terminate for convenience   taurus: a balloon-borne polarimeter for cosmic reionization and galactic dust  smd/adap
80NSSC25K7437,2025-12-10,0.00,PROJECT GRANT (B),The Trustees of Princeton University,Rescinding stop work notice. Execute a balanced science program based on discipline-specific guidance from the national academies of sciences  engineering  and medicine  administration priorities  and direction from congress.   Participate as a key partner and enabler in the agency S exploration initiative  focusing on scientific research of  on  and from the moon  lunar orbit  Mars  and beyond.   Advance discovery in emerging fields by identifying and exploiting cross-disciplinary opportunities between traditional science disciplines   develop a directorate-wide  target-user focused approach to applied programs  including Earth science applications  space weather  planetary defense  and space situational awareness
80NSSC23K0815,2025-04-04,0.00,PROJECT GRANT (B),The Trustees of Princeton University,Stop work notice issued with notification of intent to terminate for convenience   airborne and satellite investigation of asian air quality   smd/Earth science
80NSSC21K1957,2025-12-10,0.00,PROJECT GRANT (B),The Trustees of Princeton University,Rescinding stop work notice. Taurus: a balloon-borne polarimeter for cosmic reionization and galactic dust
80NSSC23K0983,2025-12-10,0.00,PROJECT GRANT (B),The Trustees of Princeton University,Rescinding stop work notice. High fidelity modeling of parasitic capillary wave dynamics for remote sensing
80NSSC22K0999,2025-04-04,0.00,PROJECT GRANT (B),The Trustees of Princeton University,Stop work notice issued with notification of intent toterminate for convenience - investigating global cloud feedback dependence on southern ocean salinity - smd Earth science
80NSSC25K7437,2025-04-04,0.00,PROJECT GRANT (B),The Trustees of Princeton University,Stop work notice issued with notification of intent to terminate for convenience   finding chelyabinsk-sized asteroids in the vicinity of the Earth and measuring neo light curves with hatpi  smd/planetary
80NSSC23K1130,2025-12-10,0.00,PROJECT GRANT (B),The Trustees of Princeton University,Rescinding stop work notice. 22-adap22-0019  supernova progenitor and explosion properties of galactic supernova remnants
80NSSC25K7118,2025-12-10,0.00,PROJECT GRANT (B),The Trustees of Princeton University,Rescinding stop work notice. Execute a balanced science program based on discipline-specific guidance from the national academies of sciences  engineering  and medicine  administration priorities  and direction from congress.   Participate as a key partner and enabler in the agency S exploration initiative  focusing on scientific research of  on  and from the moon  lunar orbit  Mars  and beyond.   Advance discovery in emerging fields by identifying and exploiting cross-disciplinary opportunities between traditional science disciplines   develop a directorate-wide  target-user focused approach to applied programs  including Earth science applications  space weather  planetary defense  and space situational awareness.
80NSSC23K1130,2025-04-04,0.00,PROJECT GRANT (B),The Trustees of Princeton University,Stop work notice issued with notification of intent toterminate for convenience - supernova progenitor and explosion properties of galactic supernova remnants
80NSSC23K0815,2025-12-10,0.00,PROJECT GRANT (B),The Trustees of Princeton University,Rescinding stop work notice. Tropospheric ammonia measurements by the open-path ammonia laser spectrometer during asia-aq
80NSSC22K0999,2025-12-10,0.00,PROJECT GRANT (B),The Trustees of Princeton University,Rescinding stop work notice. Cloud feedback is the greatest source of uncertainty in estimating climate sensitivity. Idealized modeling studies suggest that southern Ocean heat uptake can play a primary role in regulating cloud feedbacks (rose & rayborn  2016)  and preliminary analysis of cmip6 models by our team indicates that there is a strong connection between background southern Ocean Salinity and global cloud feedbacks. If true  this relationship provides a promising approach to use satellite observed sss as an emergent constraint on cloud feedback. However  the detailed mechanisms behind this connection remain to be fully understood understanding these mechanisms is a pre-requisite for utilizing these statistical relationships as an emergent constraint and capitalizing on this promise. In this proposal  we seek to understand the impact of southern Ocean Salinity  through its controls on Ocean heat uptake  global energy transport and global patterns of sst  on cloud feedbacks. We propose to produce and analyze climate model experiments  which will help develop this needed understanding in combination with analysis of satellite-derived and in situ Salinity estimates. Our ultimate goal is to generate a satellite-sss informed bayesian estimate of global cloud feedbacks  to help narrow the uncertainty in climate sensitivity estimates. The main questions for this proposal are: i) how does southern Ocean Salinity modulation of Ocean heat uptake influence global cloud feedbacks? Ii) what processes are responsible for the non-local effects of southern Ocean heat uptake on cloud controlling factors? Iii) why are salinity-driven Ocean heat uptake changes in the southern Ocean much more effective in altering clouds than those in other basins? Iv) given the exquisite sensitivity of cloud feedback to background Salinity  do natural fluctuations in southern Ocean Salinity on decadal to centennial timescales result in state-dependent climate sensitivity? V) using sss as an  emergent constraint  can we narrow the estimate of global climate sensitivity? A key resource will be satellite observations of Salinity  rainfall and surface wind speed from NASA S aquarius satellite and NASA S Soil Moisture active-passive (SMAP)  complimented by observations from the european space agency S Soil Moisture and Ocean Salinity (SMOS) satellite. Additional information on the vertical structure of Salinity and temperature in the Ocean will come from the argo array of profiling floats and from Ocean analyses obtained from the noaa gfdl and NASA geos iodas Ocean data assimilation systems. We now have a decade of high-quality global sea surface Salinity measurements that could enable a constraint of global cloud feedback using data that is novel and independent of heretofore used methodologies. We propose to explore the detailed mechanisms connecting southern Ocean Salinity with global cloud feedbacks across the cmip6 ensemble  and design  run and analyze coupled climate model experiments to isolate oceanic and atmospheric pathways to connect the southern Ocean with global cloud feedbacks. In particular  it is notable that southern Ocean Salinity in climate models is connected to both extratropical and tropical/ subtropical cloud feedback differences. We will constrain a climate model'S southern Ocean Salinity to that of other climate models and to that informed from observations. By completing these tasks  this proposal will directly support the program goals of exploiting satellite Salinity measurements and their synergistic use with other observations to investigate Salinity variability  particularly near surface Salinity stratification  and its linkage the global climate response to increasing greenhouse gases. In doing so  this proposal will directly address the first goal of the Ocean Salinity science team.
80NSSC19K1666,2025-04-08,0.00,PROJECT GRANT (B),"Imec USA Nanoelectronics Design Center, Inc",Stop work notice issued with notification of intent to terminate for convenience   rodent hindlimb suspension  rodent csf  and direct icp & biomarkers - smod
80NSSC19K1666,2025-05-14,0.00,PROJECT GRANT (B),"Imec USA Nanoelectronics Design Center, Inc",Termination for convenience agreement - rodent hindlimb suspension  rodent csf  and direct icp & biomarkers - support for somd directorate
80NSSC24K0520,2025-03-21,0.00,PROJECT GRANT (B),Natural Areas Conservancy Inc,Termination for convenience agreement - interdisciplinary research in Earth sciences for support for science mission directorate (SMD/ESD)
80NSSC24K0114,2025-03-21,0.00,PROJECT GRANT (B),Ohio Aerospace Institute,Termination for convenience agreement - Here to Observe (H2O) - ohio and puerto rico space grant consortiums support for science mission directorate (SMD/ESD)
80NSSC24K0113,2025-03-21,0.00,PROJECT GRANT (B),University of Arkansas System,Termination for convenience agreement - here to observe uab support for smd/esd
80NSSC23M0020,2025-04-08,0.00,COOPERATIVE AGREEMENT (B),Blue Marble Space,Stop work notice issued with notification of intent to terminate for convenience - unsolicited  three-dimensional modeling of observable terrestrial worlds
80NSSC23M0020,2025-05-14,0.00,COOPERATIVE AGREEMENT (B),Blue Marble Space,Termination for convenience agreement - three-dimensional modeling of observable terrestrial worlds - support for smd directorate
NNM16AA08C,2025-01-23,0.00,DEFINITIVE CONTRACT,Southwest Research Institute,"Stop work notice issued with notification of intent to descope - lucy is a planned NASA space probe that will tour five Jupiter trojans, asteroids which share Jupiter'S orbit around the sun, orbiting either ahead of or behind the planet and one main belt asteroid. All target encounters will be fly-by encounters."
80NSSC24PB139,2025-04-08,0.00,PURCHASE ORDER,"Datadog, Inc.",Termination for convenience agreement - datadog subscription
80NSSC24FA558,2025-04-16,0.00,DELIVERY ORDER,"Three Wire Systems, LLC",Termination for convenience agreement tor- one software renewal
80NSSC23F0002,2025-04-21,0.00,DELIVERY ORDER,"Four Points Technology, LLC",Terminate for convenience agreement securid authenticator tokens
80HQTR25FA007,2025-03-14,0.00,BPA CALL,Science Applications International Corporation,"Stop work notice issued with notification of intent to terminate for convience - review, validate, and advise on draft plan, messaging and branding of the plan, plan implementation analysis and recommendations, rollout & metrics"
80MSFC22F0153,2025-04-08,0.00,DELIVERY ORDER,The Johns Hopkins University Applied Physics Laboratory LLC,Stop work notice issued with notification of intent to terminate for convenience - nesc avionics packaging engineering processes and best practices
80MSFC24F0067,2025-01-23,0.00,DELIVERY ORDER,The Johns Hopkins University Applied Physics Laboratory LLC,Stop work notice issued with notification of intent to terminate for convenience - Here to Observe (H2O) support for Planetary Science Division (PSD) missions
80MSFC20C0050,2025-02-07,0.00,DEFINITIVE CONTRACT,Spatial Informatics Group LLC,Stop work notice issued with notification of intent to de-scope - servir global network capability program
80NSSC24K1193,2025-03-21,0.00,PROJECT GRANT (B),Cornell University,Termination for convenience agreement  - topical workshops  symposiums  and conferences  science mission directorate (smd/planetary)
80GSFC23CA041,2025-03-21,0.00,DEFINITIVE CONTRACT,Autonomic Integra LLC,Removal of clauses/drds iaw eo 14148 - stop work notice issued with notification of intent to de-scope- the Climate Change Research Initiative (CCRI) under the Goddard Institute for Space Studies (GISS) contract for the Earth sciences directorate.
80GSFC23CA041,2025-03-14,0.00,DEFINITIVE CONTRACT,Autonomic Integra LLC,Stop work notice issued with notification of intent to de-scope- the Climate Change Research Initiative (CCRI) under the Goddard Institute for Space Studies (GISS) contract for the Earth sciences directorate.
80NSSC24K1913,2025-04-28,0.00,PROJECT GRANT (B),University of Hawaii,Stop work notice issued with notification of intent to terminate - 21-jpsp21-0018 microwave measurements of the galilean satellites
80NSSC24K1913,2025-09-09,0.00,PROJECT GRANT (B),University of Hawaii,Rescind - stop work notice issued with notification of intent to terminate - 21-jpsp21-0018 microwave measurements of the galilean satellites
80NSSC23PB368,2025-03-06,0.00,PURCHASE ORDER,Pacific Research & Evaluation LLC,Termination for convenience agreement -- audience evaluation of engagement content and materials
80NSSC22K1658,2025-03-21,0.00,PROJECT GRANT (B),Cleveland State University,Termination for convenience agreement- 22-csdsa22_2-0014  commercial satellite data analysis characterizing canopy chlorophyll and photosynthetic productivity for agricultural crops and forest monitoring support for smd/esd directorate
80NSSC24PC049,2025-03-06,0.00,PURCHASE ORDER,Society of Women Engineers,Termination for convenience agreement - Society of Women Engineers (SWE) corporate partnership council and participation in associated recruiting events
80NSSC24PB679,2025-04-30,0.00,PURCHASE ORDER,"Gartner, Inc.","Termination for convenience agreement --NASA human capital and learning & development advisory, research and benchmarking services."
80NSSC24PB679,2025-03-06,0.00,PURCHASE ORDER,"Gartner, Inc.","Termination for convenience agreement --NASA human capital and learning & development advisory, research and benchmarking services."
80NSSC22K1681,2025-03-21,0.00,PROJECT GRANT (B),The University of Texas Rio Grande Valley,Termination for convenience agreement - Earth science applications: equity and environmental justice support for smd/esd
80NSSC24PA710,2025-03-17,0.00,PURCHASE ORDER,"Emp Consultants, LLC",Termination for convenience agreement - novice license renewal
80NSSC21M0005,2025-03-21,0.00,COOPERATIVE AGREEMENT (B),Oklahoma State University,Termination for convenience agreement  - Science activation program integration/ Science engagement & partnerships division for support for Science Mission Directorate (SMD)
80HQTR24FA038,2025-03-20,0.00,BPA CALL,"Crown Innovations, Inc.","Stop work notice issued with notification of intent to terminate for convience - data visualization of performance ratings aeronautics research mission directorate, office of the associate administrator"
80NSSC25FA078,2025-04-16,0.00,DELIVERY ORDER,Colossal Contracting LLC,Termination for convenience agreement prisma cloud renewal
80NSSC23PB058,2025-04-08,0.00,PURCHASE ORDER,"Florida First Robotics Education Foundation, Inc",Termination for convenience agreement - sponsorship of the first orlando regional
80LARC21F0153,2025-04-08,0.00,DELIVERY ORDER,Cornell Technical Services LLC,"Stop work notice issued with notification of intent to terminate for convenience - Mars Exploration Program (MEP) assessment for management, planning, technical, scientific, risk, cost, and schedule support"
80LARC25F7011,2025-04-08,0.00,DELIVERY ORDER,Cornell Technical Services LLC,Stop work notice issued with notification of intent to terminate for convenience - 2025 astrophysics division senior review
80LARC21F0083,2025-04-08,0.00,DELIVERY ORDER,Cornell Technical Services LLC,Stop work notice issued with notification of intent to terminate for convenience - soma vault administration
80NSSC24K1232,2025-03-21,0.00,PROJECT GRANT (B),Trustees of Tufts College,Termination for convenience agreement - 23-pimove23-0018  environmental justice & public health: climate  land  & (HEALTH) outcome of dengue fever (CLOUD)
80NSSC25K7030,2025-04-09,0.00,PROJECT GRANT (B),University of Texas Health Science Center at Houston,Stop work notice issued with notification of intent to terminate for convenience - Earth action: community action for equity and environmental justice - smd
80NSSC25K7030,2025-05-14,0.00,PROJECT GRANT (B),University of Texas Health Science Center at Houston,Termination for convenience agreement - cielo: chicago'S initiative for environmental justice and light pollution outreach - support for smd directorate
80NSSC24K0913,2025-05-14,0.00,PROJECT GRANT (B),University of Texas Health Science Center at Houston,Termination for convenience - using NASA Earth observations to support environmental justice communities in atlanta  georgia  - support for smd directorate
80NSSC24K0913,2025-04-09,0.00,PROJECT GRANT (B),University of Texas Health Science Center at Houston,Stop work notice issued with notification of intent to terminate for convenience - Earth science applications: equity and environmental justice -smd
80GSFC23CA001,2025-05-01,0.00,DEFINITIVE CONTRACT,The Trustees of Columbia University in the City of New York,Terminate for convenience notice issued under the the socioeconomic data and applications distributed active archive center (SDAAC)for smd directorate.
80GSFC23CA001,2025-03-18,0.00,DEFINITIVE CONTRACT,The Trustees of Columbia University in the City of New York,Stop work notice issued - sedac facilitates the analysis and portrayal of the human dimensions of global change needed for Earth science research.
80NSSC25K7031,2025-04-09,0.00,PROJECT GRANT (B),Trustees of Tufts College,Stop work notice issued with notification of intent to terminate for convenience  Earth action: community action for equity and environmental justice - smd
80NSSC25K7031,2025-06-06,0.00,PROJECT GRANT (B),Trustees of Tufts College,Terminate for convenience - 23-eej23-0029  integrating Earth observations toward advancing equitable resilience to geohazards in a changing climate
80GSFC21C0057,2025-08-18,20402.80,DEFINITIVE CONTRACT,Schlumberger Technology Corporation,"Termination for convenience agreement - pulsed neutron generators for the NASA Dragonfly and Dragonfly Titan lander and the Development and Advancement of Lunar Instrumentation (DALI), Bulk Elemental Composition Analyzer (BECA) instrument."
80GSFC23CA005,2025-09-11,40788.00,DEFINITIVE CONTRACT,Southwest Research Institute,Complete termination for convenience of NASA Geospace Dynamics Constellation (GDC) Comprehensive Auroral Precipitation Experiment (CAPE)
80GSFC23CA030,2025-09-29,343290.45,DEFINITIVE CONTRACT,Honeybee Robotics LLC,"Terminate for convenience agreement - Mars Sample Return (MSR) Capture, Containment and Return Systems (CCRS) Earth Entry System (EES) Spin Eject Mechanism (SEM) for smd directorate."
